--
-- PostgreSQL database dump
--

--
-- Name: populationrecord; Type: TYPE; Schema: public; Owner: -
--

CREATE TYPE public.populationrecord AS (
	tablename text,
	ntuples integer
);


--
-- Name: dbpop(); Type: FUNCTION; Schema: public; Owner: -
--

CREATE FUNCTION public.dbpop() RETURNS SETOF public.populationrecord
    LANGUAGE plpgsql
    AS $$
declare
	rec record;
	qry text;
	res PopulationRecord;
	num integer;
begin
	for rec in select tablename from pg_tables where schemaname='public' order by tablename
	loop
		qry := 'select count(*) from ' || quote_ident(rec.tablename);
		execute qry into num;
		res.tablename := rec.tablename; res.ntuples := num;
		return next res;
	end loop;
	return;
end;
$$;


SET default_tablespace = '';

SET default_table_access_method = heap;

--
-- Name: cards; Type: TABLE; Schema: public; Owner: -
--

CREATE TABLE public.cards (
    id integer NOT NULL,
    givenin integer NOT NULL,
    givento integer NOT NULL,
    timegiven integer NOT NULL,
    cardtype character varying(6) NOT NULL,
    CONSTRAINT cards_cardtype_check CHECK (((cardtype)::text = ANY ((ARRAY['red'::character varying, 'yellow'::character varying])::text[]))),
    CONSTRAINT cards_timegiven_check CHECK (((timegiven >= 0) AND (timegiven <= 120)))
);


--
-- Name: goals; Type: TABLE; Schema: public; Owner: -
--

CREATE TABLE public.goals (
    id integer NOT NULL,
    scoredin integer NOT NULL,
    scoredby integer NOT NULL,
    timescored integer NOT NULL,
    rating character varying(20),
    CONSTRAINT goals_timescored_check CHECK (((timescored >= 0) AND (timescored <= 120)))
);


--
-- Name: involves; Type: TABLE; Schema: public; Owner: -
--

CREATE TABLE public.involves (
    match integer NOT NULL,
    team integer NOT NULL
);


--
-- Name: matches; Type: TABLE; Schema: public; Owner: -
--

CREATE TABLE public.matches (
    id integer NOT NULL,
    city character varying(50) NOT NULL,
    playedon date NOT NULL
);


--
-- Name: players; Type: TABLE; Schema: public; Owner: -
--

CREATE TABLE public.players (
    id integer NOT NULL,
    name character varying(50) NOT NULL,
    birthday date,
    memberof integer NOT NULL,
    "position" character varying(20)
);


--
-- Name: teams; Type: TABLE; Schema: public; Owner: -
--

CREATE TABLE public.teams (
    id integer NOT NULL,
    country character varying(50) NOT NULL
);


--
-- Data for Name: cards; Type: TABLE DATA; Schema: public; Owner: -
--

COPY public.cards (id, givenin, givento, timegiven, cardtype) FROM stdin;
1	101	74	89	yellow
2	101	93	27	yellow
3	106	332	41	red
4	110	358	68	yellow
5	111	254	21	yellow
6	112	65	61	yellow
7	112	44	62	yellow
8	116	86	55	red
9	119	47	59	yellow
10	125	192	29	yellow
11	125	231	25	yellow
12	127	35	81	yellow
13	132	166	60	red
14	132	165	77	yellow
15	134	308	18	red
16	139	501	42	yellow
17	146	435	43	yellow
18	146	427	78	red
19	147	410	45	red
20	147	432	86	yellow
21	153	386	86	yellow
22	158	335	90	red
23	163	192	51	yellow
24	170	426	57	yellow
25	170	412	52	red
26	175	226	69	yellow
27	175	208	45	yellow
28	181	221	29	red
29	187	296	36	yellow
30	189	469	65	yellow
31	189	467	45	yellow
32	194	291	45	yellow
33	197	194	37	yellow
34	198	412	42	yellow
35	198	439	36	red
36	206	104	89	red
37	206	121	18	yellow
38	208	150	73	red
39	211	466	34	yellow
40	212	19	64	yellow
41	215	186	39	yellow
42	226	503	40	yellow
43	230	195	50	yellow
44	230	199	21	yellow
45	234	183	44	yellow
46	234	189	30	yellow
47	249	378	42	yellow
48	249	482	27	yellow
49	255	270	70	yellow
50	255	241	24	yellow
51	271	419	57	yellow
52	292	465	40	yellow
53	292	456	53	yellow
54	298	41	59	yellow
55	298	37	56	yellow
56	299	369	65	yellow
57	307	468	64	yellow
58	314	419	17	yellow
59	317	372	83	yellow
60	322	26	77	yellow
61	322	32	27	yellow
62	329	431	52	red
63	329	420	43	red
64	332	505	66	yellow
65	333	138	69	red
66	335	333	63	red
67	349	259	70	red
68	350	152	54	yellow
69	350	159	25	yellow
70	359	217	61	yellow
71	359	207	41	yellow
72	361	487	39	yellow
73	375	310	90	yellow
74	375	328	73	red
75	376	415	72	yellow
76	377	329	32	yellow
77	381	498	38	yellow
78	383	184	34	yellow
79	387	399	43	yellow
80	389	152	56	yellow
81	389	187	23	yellow
82	394	163	79	red
83	397	316	71	red
84	405	47	19	red
85	408	289	42	yellow
86	428	355	29	red
87	428	290	88	yellow
88	438	485	52	red
89	439	256	17	red
90	443	470	29	yellow
91	443	351	17	yellow
92	443	372	66	yellow
93	445	491	54	yellow
94	456	391	57	yellow
95	456	97	61	yellow
96	457	432	63	red
97	458	300	36	red
98	458	299	68	yellow
99	468	190	47	yellow
100	468	197	87	yellow
101	470	508	21	yellow
102	470	482	40	red
103	474	462	38	red
104	484	208	80	yellow
105	484	236	60	yellow
106	484	285	67	yellow
107	489	307	45	red
\.


--
-- Data for Name: goals; Type: TABLE DATA; Schema: public; Owner: -
--

COPY public.goals (id, scoredin, scoredby, timescored, rating) FROM stdin;
1	101	156	2	good
2	101	137	15	good
3	102	132	24	excellent
4	102	124	45	good
5	102	79	76	good
6	103	4	70	good
7	103	23	38	good
8	103	247	50	good
9	104	508	60	good
10	104	480	21	good
11	105	443	69	excellent
12	105	463	6	good
13	105	464	84	good
14	106	433	4	good
15	106	438	85	good
16	106	430	51	good
17	106	409	32	good
18	106	316	89	excellent
19	107	200	36	good
20	107	177	55	excellent
21	107	187	34	good
22	108	69	27	excellent
23	109	337	28	good
24	109	76	89	excellent
25	110	147	56	good
26	110	342	2	good
27	110	366	76	good
28	111	268	50	amazing
29	111	81	83	good
30	112	329	51	good
31	112	49	36	good
32	113	344	32	good
33	114	239	55	good
34	114	252	9	good
35	115	281	73	good
36	115	278	19	good
37	116	73	7	good
38	116	98	3	good
39	116	73	60	excellent
40	117	458	31	excellent
41	117	461	76	good
42	117	308	12	good
43	118	66	18	good
44	118	62	47	good
45	118	142	44	good
46	118	137	61	excellent
47	119	105	74	good
48	119	119	6	amazing
49	120	342	70	excellent
50	121	439	63	good
51	121	412	33	good
52	121	406	12	good
53	121	377	62	good
54	123	267	89	good
55	123	467	55	good
56	124	370	33	good
57	125	174	70	excellent
58	126	14	18	amazing
59	126	11	53	good
60	126	200	55	good
61	126	195	56	good
62	128	312	11	good
63	128	328	47	good
64	129	472	17	amazing
65	129	465	90	good
66	130	1	78	good
67	130	43	89	excellent
68	130	58	53	good
69	130	61	8	excellent
70	130	36	39	good
71	131	431	67	excellent
72	131	38	84	good
73	131	41	90	good
74	132	62	71	good
75	132	36	71	good
76	133	449	64	good
77	134	434	39	excellent
78	135	257	60	good
79	135	166	56	good
80	135	145	13	good
81	136	96	86	amazing
82	137	252	71	good
83	137	248	78	good
84	138	310	63	excellent
85	138	148	28	good
86	139	485	21	good
87	139	490	18	good
88	139	361	50	good
89	140	484	54	good
90	140	504	48	good
91	140	448	50	good
92	141	115	43	good
93	141	115	51	good
94	141	213	60	excellent
95	142	295	60	excellent
96	142	273	42	good
97	142	317	82	good
98	142	328	24	excellent
99	142	313	23	good
100	142	333	3	good
101	143	280	75	good
102	143	326	4	good
103	144	201	8	excellent
104	144	365	27	excellent
105	144	345	66	good
106	145	286	68	good
107	146	36	87	good
108	146	37	83	amazing
109	147	409	23	good
110	148	398	57	excellent
111	148	385	76	good
112	148	413	50	good
113	150	282	31	good
114	150	290	29	good
115	151	206	68	good
116	151	214	83	good
117	151	207	15	good
118	151	206	23	good
119	151	264	27	excellent
120	151	262	56	excellent
121	152	41	85	excellent
122	153	343	76	good
123	153	352	71	good
124	154	36	20	good
125	154	53	88	excellent
126	155	109	11	good
127	155	127	60	good
128	156	383	44	good
129	158	462	32	good
130	158	453	39	good
131	159	44	37	excellent
132	159	255	22	excellent
133	159	244	85	good
134	160	75	6	good
135	160	258	74	excellent
136	161	290	72	good
137	161	297	81	excellent
138	161	87	81	amazing
139	162	363	43	good
140	162	342	80	good
141	163	9	19	good
142	163	9	85	good
143	163	12	49	good
144	164	300	54	good
145	165	10	19	good
146	166	93	4	amazing
147	166	73	73	good
148	166	396	17	good
149	167	40	89	good
150	167	66	7	good
151	169	481	30	excellent
152	169	216	25	good
153	169	228	53	excellent
154	170	440	63	excellent
155	170	434	73	excellent
156	170	436	3	good
157	170	130	54	good
158	170	103	49	good
159	172	368	67	good
160	172	346	9	good
161	172	336	30	good
162	172	312	20	good
163	173	246	24	excellent
164	173	270	16	good
165	175	205	80	good
166	175	215	20	excellent
167	175	276	49	excellent
168	175	291	67	good
169	176	424	74	good
170	176	433	84	good
171	177	145	49	good
172	177	139	19	excellent
173	177	309	32	amazing
174	177	316	4	good
175	178	316	53	good
176	178	123	65	good
177	179	229	54	good
178	180	309	87	good
179	180	312	21	excellent
180	180	350	18	good
181	180	343	80	excellent
182	181	382	82	good
183	181	385	16	good
184	181	205	64	good
185	182	143	41	good
186	182	140	64	good
187	182	444	2	good
188	183	490	27	good
189	183	492	19	good
190	183	495	30	good
191	183	180	84	good
192	185	274	30	good
193	185	145	74	good
194	185	148	55	good
195	186	249	5	good
196	186	239	56	good
197	186	130	65	amazing
198	186	121	27	amazing
199	187	281	60	good
200	187	300	6	good
201	188	401	75	good
202	189	447	52	good
203	189	450	54	good
204	189	287	14	excellent
205	190	65	44	amazing
206	191	381	55	excellent
207	192	440	80	excellent
208	192	440	44	amazing
209	192	439	54	good
210	192	183	4	good
211	193	347	13	excellent
212	195	29	17	good
213	195	175	2	good
214	195	171	81	good
215	196	118	12	good
216	197	400	84	good
217	197	379	62	good
218	197	173	54	excellent
219	198	462	10	good
220	198	410	66	good
221	198	432	22	excellent
222	199	457	43	good
223	199	451	41	excellent
224	200	483	4	good
225	200	505	26	amazing
226	200	260	55	excellent
227	201	351	28	good
228	201	342	56	good
229	201	387	15	good
230	202	35	67	excellent
231	202	45	39	excellent
232	202	448	78	excellent
233	203	448	64	excellent
234	204	416	67	excellent
235	204	431	35	good
236	205	400	72	excellent
237	207	103	67	good
238	207	108	84	good
239	207	413	54	good
240	208	145	41	good
241	208	445	62	amazing
242	208	453	80	excellent
243	209	147	55	good
244	210	480	27	good
245	210	471	7	good
246	211	468	60	excellent
247	212	181	14	good
248	212	21	64	excellent
249	212	16	30	excellent
250	213	315	56	excellent
251	213	311	13	good
252	213	347	14	good
253	213	351	68	good
254	214	354	9	good
255	214	361	26	good
256	214	4	79	good
257	215	314	69	good
258	215	328	30	good
259	216	36	79	excellent
260	216	496	23	excellent
261	216	484	14	excellent
262	217	110	8	good
263	217	126	33	good
264	217	465	6	good
265	218	111	26	good
266	218	103	36	excellent
267	219	163	27	amazing
268	220	42	90	excellent
269	221	214	37	excellent
270	222	22	34	good
271	222	10	79	good
272	222	112	42	excellent
273	222	127	69	good
274	223	188	14	good
275	223	173	75	excellent
276	223	279	77	amazing
277	224	390	25	good
278	224	387	42	amazing
279	226	351	44	excellent
280	226	503	9	good
281	226	506	28	good
282	227	212	76	good
283	227	207	36	excellent
284	228	336	14	excellent
285	228	81	80	good
286	229	10	84	good
287	229	29	8	good
288	229	375	61	good
289	229	376	15	good
290	230	19	68	good
291	230	196	42	good
292	230	174	75	good
293	232	211	46	good
294	232	216	34	amazing
295	233	247	27	good
296	233	244	9	good
297	233	378	57	good
298	233	387	55	good
299	234	182	6	excellent
300	235	175	85	good
301	235	193	59	excellent
302	235	9	26	excellent
303	235	1	34	good
304	236	214	7	good
305	236	223	66	good
306	236	229	41	good
307	236	221	43	excellent
308	236	451	53	excellent
309	236	460	6	good
310	237	278	20	excellent
311	237	293	52	good
312	238	175	28	good
313	238	197	61	good
314	239	143	59	good
315	239	164	53	good
316	240	3	86	good
317	240	228	78	good
318	241	355	32	good
319	241	287	31	good
320	241	279	47	excellent
321	242	270	86	good
322	242	154	37	good
323	243	447	61	good
324	243	74	68	good
325	244	4	6	excellent
326	244	27	63	good
327	244	376	10	good
328	245	485	60	good
329	246	464	8	amazing
330	248	310	69	good
331	248	329	36	good
332	248	381	57	excellent
333	249	379	22	good
334	249	386	68	good
335	249	484	33	good
336	250	287	41	good
337	250	295	41	excellent
338	250	388	51	good
339	250	404	65	good
340	251	485	83	excellent
341	251	10	36	excellent
342	252	385	20	excellent
343	252	310	54	good
344	252	336	11	excellent
345	253	42	27	good
346	255	267	62	good
347	255	490	35	good
348	255	491	32	good
349	255	497	17	good
350	256	115	10	good
351	256	456	5	amazing
352	256	458	61	good
353	257	165	2	good
354	258	11	81	excellent
355	258	17	77	good
356	259	100	38	excellent
357	259	95	25	excellent
358	260	348	68	good
359	261	5	33	amazing
360	261	32	87	good
361	261	29	8	excellent
362	261	311	89	good
363	262	469	5	good
364	262	314	64	good
365	262	309	63	good
366	262	338	42	good
367	262	313	85	good
368	263	327	60	good
369	264	212	12	good
370	264	211	12	good
371	265	303	79	good
372	265	183	15	excellent
373	265	171	71	excellent
374	266	5	34	good
375	266	6	7	excellent
376	267	398	61	good
377	267	387	9	good
378	267	421	25	good
379	268	215	75	good
380	268	284	84	good
381	268	296	14	good
382	268	273	85	amazing
383	269	332	52	good
384	269	321	40	good
385	270	210	67	good
386	270	212	78	amazing
387	271	432	48	good
388	273	228	82	good
389	273	213	32	good
390	273	214	71	excellent
391	273	234	30	good
392	273	341	35	good
393	273	343	68	good
394	274	110	63	good
395	274	123	82	good
396	274	37	45	good
397	274	42	16	good
398	275	241	13	excellent
399	275	65	73	excellent
400	275	57	84	good
401	276	110	37	good
402	276	106	14	good
403	276	113	78	good
404	276	120	31	good
405	276	491	10	excellent
406	276	495	63	good
407	277	313	36	good
408	278	460	63	excellent
409	278	414	52	excellent
410	279	285	15	good
411	279	277	21	good
412	279	458	56	good
413	279	463	45	amazing
414	279	471	90	good
415	279	443	66	good
416	280	160	61	excellent
417	280	151	42	excellent
418	281	477	61	good
419	281	498	90	good
420	281	199	61	good
421	282	337	73	excellent
422	282	413	77	amazing
423	284	426	41	excellent
424	284	414	85	good
425	284	260	48	good
426	285	413	38	good
427	286	388	88	good
428	286	418	42	good
429	287	8	69	good
430	287	210	74	excellent
431	287	214	4	good
432	288	443	59	good
433	289	123	42	good
434	290	196	78	excellent
435	290	199	2	good
436	292	151	35	good
437	292	150	35	excellent
438	292	445	64	good
439	292	449	33	excellent
440	293	465	85	good
441	294	208	9	excellent
442	294	268	66	good
443	294	267	59	excellent
444	296	22	66	good
445	297	455	90	good
446	297	471	5	amazing
447	298	384	21	good
448	298	37	79	excellent
449	298	48	73	good
450	299	74	65	excellent
451	299	76	23	good
452	299	349	10	good
453	299	368	44	good
454	301	9	10	good
455	301	417	22	excellent
456	302	447	72	good
457	302	456	59	amazing
458	302	167	10	good
459	302	162	39	good
460	304	7	90	good
461	304	8	69	good
462	304	219	87	good
463	304	216	4	amazing
464	305	241	75	good
465	305	265	61	excellent
466	305	482	38	good
467	305	484	67	excellent
468	307	447	79	good
469	307	439	20	excellent
470	308	65	27	excellent
471	308	61	56	good
472	308	3	27	good
473	308	22	63	excellent
474	309	104	65	excellent
475	309	382	61	good
476	309	396	82	good
477	310	347	61	good
478	310	360	32	good
479	311	76	58	good
480	311	97	64	excellent
481	312	21	71	good
482	312	21	57	good
483	312	4	82	good
484	313	120	14	good
485	313	128	6	excellent
486	313	210	24	good
487	313	224	24	good
488	313	233	38	good
489	314	491	88	excellent
490	314	508	37	good
491	314	411	45	excellent
492	315	109	81	good
493	315	121	13	good
494	315	80	6	good
495	315	98	11	good
496	316	402	85	good
497	316	401	48	excellent
498	317	96	87	excellent
499	317	98	60	good
500	318	414	56	excellent
501	319	63	82	good
502	319	44	31	good
503	319	464	7	good
504	320	248	3	good
505	320	256	19	good
506	321	163	63	good
507	321	274	38	good
508	321	280	27	good
509	322	434	64	good
510	322	430	14	good
511	322	8	75	good
512	322	21	37	good
513	323	405	69	excellent
514	323	456	48	excellent
515	325	329	87	good
516	326	58	48	good
517	326	480	14	good
518	326	479	68	good
519	327	134	27	excellent
520	327	107	63	good
521	328	455	49	excellent
522	329	427	84	good
523	330	434	43	good
524	330	417	63	good
525	330	328	67	good
526	330	323	63	excellent
527	331	419	35	good
528	331	426	54	excellent
529	331	421	7	excellent
530	331	440	21	good
531	331	375	20	good
532	331	385	81	good
533	332	146	64	good
534	332	137	39	good
535	332	482	24	good
536	333	164	22	good
537	333	143	60	amazing
538	333	195	43	good
539	334	48	20	good
540	334	40	77	good
541	334	46	20	excellent
542	334	192	6	excellent
543	334	183	87	good
544	335	322	4	good
545	335	508	77	excellent
546	336	215	52	good
547	336	220	16	good
548	336	274	16	good
549	337	130	20	good
550	337	117	25	excellent
551	337	110	42	excellent
552	338	24	44	good
553	338	23	80	excellent
554	341	459	43	good
555	341	446	12	good
556	341	492	65	good
557	342	477	54	amazing
558	342	309	10	good
559	343	370	25	good
560	343	362	77	good
561	343	354	90	good
562	343	343	44	good
563	345	216	83	excellent
564	346	320	77	excellent
565	347	474	47	good
566	347	357	40	good
567	347	341	38	good
568	348	108	27	good
569	348	412	52	good
570	350	162	90	excellent
571	350	138	40	amazing
572	351	224	31	amazing
573	351	457	70	excellent
574	351	468	82	good
575	352	417	82	good
576	353	207	27	good
577	353	209	66	good
578	353	186	45	good
579	354	478	72	good
580	354	503	50	good
581	354	490	14	good
582	356	201	30	good
583	356	493	36	good
584	356	504	21	good
585	357	75	60	good
586	357	122	26	excellent
587	358	172	8	excellent
588	358	178	83	good
589	359	220	22	good
590	359	214	71	good
591	360	336	76	good
592	362	351	60	good
593	362	353	44	good
594	362	58	4	good
595	362	62	71	good
596	363	355	28	good
597	363	356	84	amazing
598	363	4	17	good
599	363	15	4	excellent
600	364	263	18	excellent
601	364	268	15	good
602	365	303	80	good
603	366	229	61	excellent
604	366	217	28	good
605	366	149	74	good
606	367	177	34	good
607	367	348	74	good
608	368	404	83	good
609	368	401	84	good
610	368	431	53	good
611	369	313	70	good
612	369	307	51	excellent
613	370	11	39	amazing
614	370	16	34	good
615	370	244	29	excellent
616	371	214	70	excellent
617	372	75	72	excellent
618	372	290	36	good
619	373	150	50	excellent
620	374	184	58	excellent
621	374	171	31	good
622	374	312	62	good
623	374	336	64	good
624	375	308	44	good
625	375	319	63	excellent
626	376	413	30	good
627	376	412	38	good
628	376	341	75	good
629	377	346	20	excellent
630	377	362	19	excellent
631	378	448	60	good
632	379	45	54	good
633	379	326	12	good
634	380	326	74	good
635	380	318	33	good
636	381	501	52	good
637	382	92	73	good
638	382	79	35	excellent
639	382	48	90	good
640	382	63	79	good
641	382	39	12	excellent
642	383	181	29	good
643	383	186	78	good
644	384	211	83	good
645	384	213	33	good
646	384	312	70	good
647	384	324	32	excellent
648	385	16	50	excellent
649	385	486	73	good
650	386	162	59	good
651	386	145	77	excellent
652	387	445	77	excellent
653	388	194	44	good
654	388	188	15	good
655	389	142	48	good
656	390	316	30	good
657	390	334	3	good
658	390	487	84	excellent
659	391	219	12	excellent
660	391	274	48	excellent
661	392	427	88	excellent
662	392	122	71	good
663	393	12	70	excellent
664	393	9	31	good
665	393	6	44	good
666	393	397	41	good
667	394	138	7	good
668	395	149	4	excellent
669	396	28	89	excellent
670	396	207	82	excellent
671	397	326	18	good
672	397	328	84	good
673	397	244	77	good
674	398	456	29	good
675	399	43	9	good
676	399	193	51	good
677	400	178	21	good
678	400	239	26	good
679	401	479	7	good
680	401	483	25	excellent
681	402	425	34	good
682	402	416	74	good
683	402	298	8	good
684	402	291	49	excellent
685	403	469	11	good
686	404	421	41	good
687	404	227	67	good
688	405	45	70	good
689	405	63	12	good
690	406	291	88	good
691	406	314	85	good
692	406	325	49	excellent
693	407	157	37	good
694	407	342	9	good
695	407	342	22	good
696	408	275	39	good
697	408	431	76	good
698	408	434	40	excellent
699	409	202	21	good
700	409	185	5	good
701	410	444	18	good
702	410	466	15	good
703	410	63	14	good
704	411	468	79	excellent
705	411	472	43	good
706	411	393	49	good
707	411	375	44	amazing
708	412	243	35	good
709	412	223	52	good
710	412	222	37	excellent
711	413	345	75	good
712	413	355	19	good
713	413	363	15	good
714	413	319	74	good
715	413	314	24	good
716	414	220	70	good
717	414	216	25	amazing
718	415	118	48	excellent
719	415	108	8	good
720	416	314	32	good
721	416	103	13	good
722	417	458	52	good
723	417	75	76	good
724	418	228	86	excellent
725	418	151	5	good
726	418	139	57	good
727	419	224	38	good
728	420	423	71	good
729	420	430	29	good
730	420	280	72	good
731	420	289	70	good
732	421	423	40	good
733	421	425	42	excellent
734	421	482	79	good
735	421	484	73	good
736	422	165	76	good
737	422	160	46	good
738	422	482	36	good
739	422	485	53	good
740	423	86	90	good
741	424	507	24	good
742	424	494	28	good
743	425	382	37	excellent
744	425	375	80	excellent
745	426	99	50	good
746	426	124	74	good
747	426	103	63	good
748	427	73	28	good
749	428	284	6	good
750	429	484	29	good
751	429	506	43	good
752	430	214	42	good
753	430	434	32	amazing
754	431	481	35	good
755	431	212	11	good
756	431	231	38	excellent
757	432	355	29	good
758	432	313	18	good
759	432	327	49	excellent
760	432	309	31	good
761	432	310	79	good
762	434	249	31	excellent
763	434	242	21	excellent
764	434	163	60	good
765	435	168	77	good
766	435	166	40	good
767	436	114	35	good
768	436	106	5	excellent
769	436	232	75	good
770	437	87	56	good
771	437	134	53	good
772	437	111	55	good
773	439	263	40	good
774	439	252	26	excellent
775	440	453	20	good
776	440	470	9	good
777	440	450	61	good
778	440	463	19	amazing
779	440	197	75	good
780	441	415	49	good
781	441	165	72	excellent
782	442	280	87	excellent
783	442	294	50	good
784	442	111	61	good
785	442	117	70	good
786	443	347	83	good
787	443	343	11	good
788	444	96	62	good
789	444	76	68	excellent
790	445	492	44	excellent
791	445	478	7	good
792	445	346	83	excellent
793	445	342	63	good
794	447	18	50	good
795	447	44	29	excellent
796	448	2	77	good
797	449	3	26	good
798	449	20	44	good
799	449	459	40	good
800	450	372	44	good
801	450	152	75	good
802	451	317	20	good
803	451	491	41	good
804	451	485	81	excellent
805	452	213	67	good
806	452	209	48	excellent
807	453	425	66	good
808	453	413	51	good
809	453	461	67	excellent
810	453	449	48	good
811	454	311	35	good
812	454	316	51	excellent
813	455	151	83	good
814	456	379	88	excellent
815	456	74	86	good
816	458	119	25	good
817	458	287	38	excellent
818	459	425	56	good
819	459	18	74	excellent
820	460	406	13	good
821	461	39	2	good
822	461	192	40	good
823	462	154	8	good
824	462	142	22	good
825	462	195	84	good
826	462	191	11	good
827	462	172	36	good
828	463	183	44	good
829	463	182	52	good
830	463	412	59	good
831	464	107	64	good
832	464	130	18	good
833	464	253	41	good
834	465	107	7	good
835	465	107	75	good
836	465	172	77	excellent
837	465	199	63	good
838	466	111	2	good
839	466	110	34	excellent
840	466	103	14	good
841	467	108	64	good
842	467	103	59	good
843	468	194	36	good
844	469	35	42	excellent
845	469	53	34	good
846	469	351	58	good
847	469	348	8	good
848	470	450	40	excellent
849	471	440	25	good
850	472	495	78	excellent
851	473	6	27	good
852	474	464	68	excellent
853	475	420	3	good
854	475	100	65	good
855	475	91	81	good
856	476	207	74	excellent
857	476	348	80	excellent
858	476	367	36	good
859	477	289	18	excellent
860	477	90	49	excellent
861	478	1	61	good
862	479	74	71	excellent
863	479	468	35	good
864	480	74	52	good
865	481	457	3	good
866	481	69	69	excellent
867	482	69	29	amazing
868	482	12	20	good
869	482	1	75	excellent
870	482	26	22	good
871	483	21	85	good
872	483	25	27	good
873	484	215	35	good
874	484	274	34	excellent
875	484	283	43	excellent
876	485	99	22	good
877	485	132	37	good
878	485	111	13	good
879	490	137	81	good
880	491	380	28	good
881	491	399	30	excellent
882	491	329	51	good
883	491	310	90	good
884	492	342	55	good
885	492	357	17	good
886	493	417	39	good
887	493	253	36	good
888	493	247	8	amazing
889	495	244	90	good
890	495	241	73	good
891	495	99	38	good
892	495	74	25	good
893	496	31	35	good
894	496	9	47	good
895	497	13	10	good
896	497	180	77	amazing
897	497	193	21	good
898	498	93	55	good
899	498	108	65	excellent
900	499	75	53	excellent
901	499	95	47	amazing
902	499	98	8	good
903	499	92	88	excellent
904	499	145	67	excellent
905	500	156	30	excellent
906	500	163	27	good
907	500	390	17	good
908	500	399	8	excellent
\.


--
-- Data for Name: involves; Type: TABLE DATA; Schema: public; Owner: -
--

COPY public.involves (match, team) FROM stdin;
101	3
101	5
102	4
102	3
103	1
103	8
104	14
104	15
105	1
105	14
106	13
106	10
107	15
107	6
108	3
108	2
109	10
109	3
110	5
110	11
111	8
111	3
112	10
112	2
113	11
113	3
114	8
114	12
115	9
115	3
116	3
116	6
117	14
117	10
118	2
118	5
119	4
119	2
120	3
120	11
121	13
121	12
122	6
122	7
123	8
123	14
124	11
124	6
125	6
125	7
126	1
126	6
127	14
127	2
128	5
128	10
129	14
129	9
130	1
130	2
131	13
131	2
132	5
132	2
133	14
133	6
134	10
134	13
135	8
135	5
136	4
136	3
137	8
137	5
138	10
138	5
139	15
139	11
140	15
140	14
141	4
141	7
142	9
142	10
143	9
143	10
144	6
144	11
145	9
145	2
146	13
146	2
147	13
147	3
148	12
148	13
149	14
149	10
150	9
150	6
151	7
151	8
152	2
152	13
153	11
153	12
154	2
154	10
155	5
155	4
156	12
156	2
157	7
157	6
158	14
158	10
159	2
159	8
160	3
160	8
161	9
161	3
162	11
162	9
163	6
163	1
164	9
164	2
165	9
165	1
166	3
166	12
167	7
167	2
168	15
168	9
169	15
169	7
170	13
170	4
171	14
171	7
172	11
172	10
173	8
173	11
174	5
174	4
175	7
175	9
176	13
176	1
177	5
177	10
178	10
178	4
179	13
179	7
180	10
180	11
181	12
181	7
182	5
182	14
183	15
183	6
184	1
184	2
185	9
185	5
186	8
186	4
187	9
187	13
188	3
188	12
189	14
189	9
190	13
190	2
191	3
191	12
192	13
192	6
193	8
193	11
194	9
194	7
195	1
195	6
196	14
196	4
197	12
197	6
198	14
198	13
199	14
199	2
200	15
200	8
201	11
201	12
202	2
202	14
203	14
203	4
204	15
204	13
205	12
205	15
206	5
206	4
207	4
207	13
208	5
208	14
209	4
209	5
210	15
210	14
211	14
211	3
212	6
212	1
213	10
213	11
214	11
214	1
215	10
215	6
216	2
216	15
217	4
217	14
218	4
218	1
219	3
219	5
220	6
220	2
221	7
221	12
222	1
222	4
223	6
223	9
224	3
224	12
225	12
225	1
226	11
226	15
227	7
227	14
228	10
228	3
229	1
229	12
230	1
230	6
231	15
231	2
232	6
232	7
233	8
233	12
234	12
234	6
235	6
235	1
236	7
236	14
237	13
237	9
238	12
238	6
239	5
239	15
240	1
240	7
241	11
241	9
242	8
242	5
243	14
243	3
244	1
244	12
245	15
245	11
246	14
246	3
247	13
247	9
248	10
248	12
249	12
249	15
250	9
250	12
251	15
251	1
252	12
252	10
253	12
253	2
254	2
254	12
255	8
255	15
256	4
256	14
257	5
257	13
258	1
258	6
259	3
259	10
260	1
260	11
261	1
261	10
262	14
262	10
263	10
263	4
264	9
264	7
265	9
265	6
266	1
266	4
267	12
267	13
268	7
268	9
269	10
269	2
270	7
270	8
271	5
271	13
272	1
272	7
273	7
273	11
274	4
274	2
275	8
275	2
276	4
276	15
277	12
277	10
278	14
278	13
279	9
279	14
280	5
280	15
281	15
281	6
282	10
282	13
283	10
283	12
284	13
284	8
285	13
285	11
286	12
286	13
287	1
287	7
288	7
288	14
289	4
289	14
290	6
290	10
291	14
291	13
292	5
292	14
293	4
293	14
294	7
294	8
295	1
295	9
296	1
296	7
297	11
297	14
298	12
298	2
299	3
299	11
300	15
300	7
301	1
301	13
302	14
302	5
303	5
303	2
304	1
304	7
305	8
305	15
306	10
306	13
307	14
307	13
308	2
308	1
309	4
309	12
310	11
310	13
311	3
311	1
312	3
312	1
313	4
313	7
314	15
314	13
315	4
315	3
316	12
316	13
317	3
317	11
318	12
318	13
319	2
319	14
320	12
320	8
321	5
321	9
322	13
322	1
323	12
323	14
324	1
324	15
325	10
325	14
326	2
326	15
327	10
327	4
328	12
328	14
329	12
329	13
330	13
330	10
331	13
331	12
332	5
332	15
333	5
333	6
334	2
334	6
335	10
335	15
336	7
336	9
337	4
337	3
338	2
338	1
339	7
339	6
340	11
340	3
341	14
341	15
342	15
342	10
343	1
343	11
344	15
344	7
345	2
345	7
346	10
346	13
347	14
347	11
348	4
348	13
349	14
349	8
350	14
350	5
351	7
351	14
352	9
352	13
353	7
353	6
354	15
354	11
355	2
355	14
356	6
356	15
357	3
357	4
358	6
358	9
359	7
359	6
360	13
360	10
361	15
361	3
362	11
362	2
363	11
363	1
364	3
364	8
365	9
365	14
366	7
366	5
367	6
367	11
368	12
368	13
369	10
369	4
370	1
370	8
371	2
371	7
372	3
372	9
373	5
373	9
374	6
374	10
375	8
375	10
376	13
376	11
377	10
377	11
378	14
378	4
379	2
379	10
380	10
380	3
381	15
381	2
382	3
382	2
383	6
383	7
384	7
384	10
385	1
385	15
386	9
386	5
387	12
387	14
388	6
388	10
389	5
389	6
390	10
390	15
391	7
391	9
392	13
392	4
393	1
393	12
394	9
394	5
395	3
395	5
396	1
396	7
397	10
397	8
398	14
398	4
399	2
399	6
400	6
400	8
401	9
401	15
402	13
402	9
403	3
403	14
404	13
404	7
405	10
405	2
406	9
406	10
407	5
407	11
408	9
408	13
409	8
409	6
410	14
410	2
411	14
411	12
412	8
412	7
413	11
413	10
414	7
414	2
415	4
415	13
416	10
416	4
417	14
417	3
418	7
418	5
419	7
419	8
420	13
420	9
421	13
421	15
422	5
422	15
423	7
423	3
424	13
424	15
425	10
425	12
426	3
426	4
427	10
427	3
428	11
428	9
429	14
429	15
430	7
430	13
431	15
431	7
432	11
432	10
433	14
433	3
434	8
434	5
435	5
435	12
436	4
436	7
437	3
437	4
438	15
438	6
439	5
439	8
440	14
440	6
441	13
441	5
442	9
442	4
443	14
443	11
444	3
444	7
445	15
445	11
446	4
446	12
447	1
447	2
448	9
448	1
449	1
449	14
450	11
450	5
451	10
451	15
452	7
452	11
453	13
453	14
454	4
454	10
455	5
455	1
456	12
456	3
457	13
457	10
458	4
458	9
459	13
459	1
460	2
460	12
461	2
461	6
462	5
462	6
463	6
463	13
464	4
464	8
465	4
465	6
466	9
466	4
467	12
467	4
468	6
468	7
469	2
469	11
470	15
470	14
471	1
471	13
472	15
472	10
473	3
473	1
474	11
474	14
475	13
475	3
476	7
476	11
477	9
477	3
478	1
478	4
479	3
479	14
480	8
480	3
481	14
481	3
482	3
482	1
483	13
483	1
484	7
484	9
485	3
485	4
486	13
486	14
487	12
487	3
488	3
488	12
489	4
489	10
490	4
490	5
491	12
491	10
492	3
492	11
493	13
493	8
494	6
494	8
495	8
495	3
496	1
496	9
497	1
497	6
498	3
498	4
499	3
499	5
500	5
500	12
\.


--
-- Data for Name: matches; Type: TABLE DATA; Schema: public; Owner: -
--

COPY public.matches (id, city, playedon) FROM stdin;
101	Cardiff	2000-01-07
102	Rio de Janiero	2001-10-10
103	Firenze	2003-01-25
104	Montevideo	2003-05-17
105	Linkoping	2007-02-26
106	Nagasaki	2001-10-10
107	Lyon	2007-10-21
108	Brisbane	2007-07-11
109	Sao Paulo	2008-11-16
110	Seoul	2003-04-17
111	Rio de Janiero	2007-02-02
112	Melbourne	2001-02-09
113	Sao Paulo	2004-09-01
114	Eindhoven	2003-06-01
115	Sao Paulo	2005-07-24
116	Marseille	2000-06-07
117	Tokyo	2002-05-05
118	Manchester	2002-07-04
119	Sydney	2001-07-23
120	Seoul	2004-03-06
121	Eindhoven	2004-04-25
122	Berlin	2004-11-11
123	Linkoping	2005-09-24
124	Lyon	2003-10-02
125	Dortmund	2006-11-03
126	Paris	2006-05-07
127	Brisbane	2007-05-26
128	Kyoto	2008-08-12
129	Tehran	2000-02-03
130	Sydney	2001-03-17
131	Melbourne	2000-02-02
132	Brisbane	2001-07-15
133	Lyon	2008-07-03
134	Madrid	2006-01-17
135	London	2001-02-20
136	Rio de Janiero	2000-10-01
137	London	2007-11-15
138	Manchester	2004-11-04
139	Busan	2005-06-17
140	Linkoping	2007-09-08
141	Berlin	2007-07-21
142	Nagasaki	2006-09-28
143	Kyoto	2008-07-14
144	Busan	2005-12-01
145	Brisbane	2005-01-06
146	Brisbane	2001-09-14
147	Sao Paulo	2003-03-20
148	Barcelona	2004-09-25
149	Kyoto	2000-08-25
150	Marseille	2000-07-15
151	Firenze	2002-10-27
152	Madrid	2005-10-16
153	Eindhoven	2008-03-11
154	Kyoto	2008-09-10
155	Shanghai	2005-04-04
156	Sydney	2007-05-03
157	Lyon	2004-08-09
158	Kyoto	2008-07-22
159	Roma	2004-03-06
160	Roma	2004-03-18
161	Rio de Janiero	2005-06-25
162	Tabriz	2004-11-22
163	Santa Cruz	2001-05-19
164	Sydney	2008-10-27
165	Buenos Aires	2002-05-19
166	Eindhoven	2000-04-10
167	Brisbane	2004-02-17
168	Tehran	2007-12-19
169	Berlin	2002-11-08
170	Shanghai	2004-11-25
171	Dortmund	2008-07-09
172	Nagasaki	2003-01-05
173	Seoul	2003-06-14
174	Beijing	2003-09-05
175	Tehran	2001-02-22
176	Santa Cruz	2003-07-22
177	Nagasaki	2002-10-06
178	Shanghai	2001-05-14
179	Munich	2008-05-10
180	Seoul	2006-04-07
181	Dortmund	2008-08-05
182	Linkoping	2008-03-17
183	Lyon	2005-06-21
184	Brisbane	2003-10-05
185	Cardiff	2001-04-25
186	Beijing	2000-11-02
187	Barcelona	2000-05-14
188	Eindhoven	2002-07-15
189	Tehran	2006-04-03
190	Brisbane	2003-05-02
191	Amsterdam	2004-10-06
192	Paris	2005-05-18
193	Busan	2002-02-07
194	Munich	2003-11-05
195	Marseille	2002-12-06
196	Beijing	2000-07-08
197	Marseille	2006-03-25
198	Barcelona	2008-05-15
199	Melbourne	2008-06-16
200	Perugia	2003-04-05
201	Amsterdam	2002-09-11
202	Stockholm	2001-06-13
203	Beijing	2001-08-02
204	Madrid	2008-04-16
205	San Carlos	2004-12-01
206	Beijing	2008-05-14
207	Madrid	2007-04-09
208	Stockholm	2001-10-07
209	London	2003-07-21
210	Stockholm	2003-11-22
211	Sao Paulo	2004-06-01
212	Santa Cruz	2000-05-24
213	Busan	2004-12-14
214	Buenos Aires	2005-08-19
215	Paris	2004-04-06
216	Montevideo	2008-02-13
217	Linkoping	2000-02-08
218	Buenos Aires	2007-12-08
219	Cardiff	2000-05-21
220	Brisbane	2004-07-07
221	Eindhoven	2000-02-06
222	Beijing	2007-10-23
223	Tehran	2006-09-12
224	Amsterdam	2000-08-12
225	Santa Cruz	2001-12-14
226	San Carlos	2006-06-23
227	Stockholm	2007-11-07
228	Rio de Janiero	2004-02-19
229	Eindhoven	2006-12-24
230	Lyon	2003-02-11
231	Melbourne	2008-12-17
232	Munich	2004-05-16
233	Eindhoven	2002-08-03
234	Marseille	2001-06-20
235	Santa Cruz	2005-10-04
236	Linkoping	2003-11-03
237	Tabriz	2003-06-12
238	Marseille	2004-09-18
239	San Carlos	2000-02-19
240	Dortmund	2002-10-19
241	Tabriz	2001-12-06
242	Cardiff	2001-12-06
243	Rio de Janiero	2004-11-04
244	Amsterdam	2004-02-13
245	Seoul	2001-01-28
246	Sao Paulo	2001-12-07
247	Tehran	2006-02-12
248	Amsterdam	2000-07-22
249	Montevideo	2002-11-19
250	Eindhoven	2005-08-19
251	Santa Cruz	2005-05-03
252	Kyoto	2001-09-20
253	Melbourne	2006-08-08
254	Amsterdam	2000-05-26
255	San Carlos	2006-02-16
256	Linkoping	2008-01-13
257	Barcelona	2001-04-16
258	Marseille	2001-03-28
259	Kyoto	2006-06-25
260	Seoul	2004-12-22
261	Kyoto	2004-10-03
262	Tokyo	2002-02-15
263	Beijing	2006-07-18
264	Berlin	2002-04-27
265	Marseille	2001-01-13
266	Beijing	2008-02-24
267	Barcelona	2006-09-13
268	Tehran	2007-05-07
269	Melbourne	2006-05-20
270	Roma	2006-09-01
271	Barcelona	2005-04-27
272	Munich	2004-12-28
273	Seoul	2001-10-04
274	Brisbane	2002-12-01
275	Melbourne	2003-12-21
276	Montevideo	2003-04-01
277	Kyoto	2004-05-17
278	Barcelona	2003-06-03
279	Linkoping	2005-02-05
280	San Carlos	2003-03-26
281	Marseille	2006-11-27
282	Barcelona	2001-02-21
283	Eindhoven	2005-11-04
284	Roma	2006-06-11
285	Seoul	2000-01-10
286	Madrid	2005-10-06
287	Dortmund	2005-03-28
288	Stockholm	2003-05-06
289	Stockholm	2002-02-14
290	Kyoto	2003-06-27
291	Madrid	2002-06-05
292	Stockholm	2002-07-11
293	Linkoping	2000-10-21
294	Roma	2007-08-20
295	Tabriz	2008-05-23
296	Munich	2005-02-24
297	Linkoping	2008-02-12
298	Brisbane	2000-03-24
299	Seoul	2006-11-11
300	Berlin	2008-10-03
301	Barcelona	2002-09-28
302	Cardiff	2000-04-06
303	Brisbane	2004-06-04
304	Berlin	2001-05-01
305	San Carlos	2007-06-21
306	Barcelona	2002-04-25
307	Madrid	2004-09-20
308	Santa Cruz	2002-11-16
309	Amsterdam	2005-07-09
310	Madrid	2007-03-03
311	Buenos Aires	2008-10-25
312	Santa Cruz	2007-11-03
313	Dortmund	2003-06-08
314	Madrid	2001-06-09
315	Rio de Janiero	2005-02-28
316	Barcelona	2006-03-07
317	Busan	2003-08-11
318	Barcelona	2005-08-07
319	Linkoping	2003-01-18
320	Firenze	2008-03-18
321	Tehran	2007-10-19
322	Santa Cruz	2008-06-21
323	Stockholm	2000-03-25
324	San Carlos	2002-05-28
325	Stockholm	2008-05-18
326	San Carlos	2006-12-24
327	Beijing	2007-11-09
328	Stockholm	2003-12-27
329	Barcelona	2002-10-19
330	Nagasaki	2002-07-16
331	Eindhoven	2008-11-15
332	Montevideo	2004-12-23
333	Paris	2004-12-26
334	Lyon	2001-12-14
335	San Carlos	2004-12-28
336	Tehran	2004-10-23
337	Rio de Janiero	2004-07-20
338	Buenos Aires	2000-02-03
339	Marseille	2006-02-25
340	Sao Paulo	2004-09-28
341	Montevideo	2006-02-26
342	Kyoto	2001-04-11
343	Busan	2003-07-18
344	Dortmund	2003-02-19
345	Munich	2001-01-10
346	Barcelona	2005-02-05
347	Seoul	2000-09-05
348	Madrid	2002-11-02
349	Roma	2001-02-08
350	Manchester	2007-11-26
351	Linkoping	2003-08-25
352	Madrid	2006-02-24
353	Paris	2004-12-03
354	Seoul	2000-06-01
355	Stockholm	2000-06-23
356	Montevideo	2007-02-02
357	Shanghai	2008-10-17
358	Tehran	2004-02-09
359	Lyon	2001-07-21
360	Nagasaki	2001-03-02
361	Sao Paulo	2006-08-17
362	Brisbane	2008-06-18
363	Santa Cruz	2004-11-05
364	Roma	2002-05-02
365	Stockholm	2001-03-05
366	Cardiff	2007-11-28
367	Busan	2008-02-23
368	Madrid	2007-04-22
369	Beijing	2006-01-20
370	Roma	2006-09-20
371	Munich	2005-10-20
372	Tabriz	2004-03-08
373	Tabriz	2000-08-16
374	Kyoto	2006-06-14
375	Tokyo	2005-04-13
376	Busan	2000-03-19
377	Busan	2004-02-10
378	Beijing	2001-08-14
379	Kyoto	2006-11-21
380	Sao Paulo	2006-08-01
381	Brisbane	2003-08-04
382	Sydney	2003-10-20
383	Berlin	2002-11-16
384	Nagasaki	2000-08-12
385	Montevideo	2004-09-26
386	Cardiff	2007-10-17
387	Stockholm	2008-09-10
388	Nagasaki	2003-12-14
389	Paris	2002-02-01
390	Montevideo	2003-06-18
391	Tabriz	2004-09-07
392	Beijing	2003-05-19
393	Amsterdam	2006-08-06
394	Manchester	2005-12-08
395	Cardiff	2003-01-24
396	Munich	2006-03-02
397	Firenze	2003-05-01
398	Shanghai	2000-07-14
399	Lyon	2007-01-17
400	Perugia	2005-01-17
401	San Carlos	2000-05-11
402	Tehran	2006-09-24
403	Linkoping	2007-02-12
404	Berlin	2002-02-25
405	Brisbane	2005-08-16
406	Kyoto	2004-06-12
407	Busan	2001-06-21
408	Madrid	2000-01-02
409	Paris	2008-07-15
410	Sydney	2000-05-02
411	Eindhoven	2007-11-27
412	Dortmund	2004-07-28
413	Kyoto	2007-10-08
414	Brisbane	2005-04-26
415	Madrid	2004-04-12
416	Shanghai	2007-07-08
417	Sao Paulo	2006-02-27
418	Manchester	2003-07-01
419	Perugia	2008-05-06
420	Tehran	2000-02-21
421	San Carlos	2001-10-13
422	San Carlos	2002-03-16
423	Sao Paulo	2000-08-08
424	Montevideo	2007-02-05
425	Amsterdam	2008-06-14
426	Beijing	2000-12-20
427	Rio de Janiero	2000-11-04
428	Tabriz	2005-11-13
429	Montevideo	2002-06-11
430	Madrid	2007-08-12
431	Dortmund	2007-07-25
432	Tokyo	2003-12-16
433	Sao Paulo	2004-07-12
434	Cardiff	2004-04-03
435	Eindhoven	2006-05-25
436	Munich	2008-02-14
437	Shanghai	2001-02-08
438	Lyon	2006-09-26
439	Roma	2008-11-23
440	Lyon	2004-03-23
441	Manchester	2004-12-21
442	Shanghai	2008-06-14
443	Busan	2001-02-21
444	Munich	2006-02-05
445	Busan	2005-03-07
446	Eindhoven	2008-02-28
447	Sydney	2006-02-21
448	Buenos Aires	2001-06-15
449	Linkoping	2002-07-01
450	Cardiff	2001-12-23
451	San Carlos	2000-03-22
452	Busan	2008-03-06
453	Linkoping	2006-09-09
454	Tokyo	2003-09-25
455	Santa Cruz	2006-09-18
456	Rio de Janiero	2006-07-16
457	Nagasaki	2003-08-07
458	Tabriz	2002-06-24
459	Santa Cruz	2000-01-03
460	Eindhoven	2000-02-10
461	Lyon	2004-03-27
462	Paris	2002-07-24
463	Madrid	2004-08-27
464	Perugia	2008-12-17
465	Paris	2004-11-27
466	Shanghai	2003-09-12
467	Shanghai	2003-03-17
468	Berlin	2003-02-28
469	Seoul	2003-02-23
470	Stockholm	2004-11-28
471	Madrid	2006-08-10
472	Kyoto	2006-09-09
473	Buenos Aires	2007-07-27
474	Linkoping	2001-02-02
475	Rio de Janiero	2008-04-20
476	Seoul	2006-11-02
477	Rio de Janiero	2000-03-24
478	Beijing	2001-05-12
479	Linkoping	2008-11-06
480	Sao Paulo	2008-03-12
481	Sao Paulo	2007-05-08
482	Santa Cruz	2008-12-22
483	Santa Cruz	2003-03-15
484	Tehran	2006-04-16
485	Shanghai	2007-01-18
486	Stockholm	2007-08-04
487	Sao Paulo	2005-12-17
488	Amsterdam	2007-06-15
489	Tokyo	2001-12-02
490	Manchester	2005-08-08
491	Nagasaki	2004-05-08
492	Seoul	2000-04-21
493	Firenze	2007-11-11
494	Perugia	2005-01-05
495	Sao Paulo	2001-01-14
496	Tehran	2007-03-28
497	Lyon	2003-06-05
498	Beijing	2000-05-25
499	Cardiff	2004-08-22
500	Eindhoven	2004-10-11
\.


--
-- Data for Name: players; Type: TABLE DATA; Schema: public; Owner: -
--

COPY public.players (id, name, birthday, memberof, "position") FROM stdin;
1	Diego Maradona	1982-02-09	1	forward
2	Manuel Maradona	1981-06-14	1	forward
3	Carlos Maradona	1976-09-01	1	forward
4	Sergio Maradona	1976-10-05	1	forward
5	Jose Maradona	1984-04-03	1	forward
6	Victor Maradona	1976-12-10	1	forward
7	Tomas Maradona	1985-10-01	1	forward
8	Diego Lopez	1982-11-20	1	forward
9	Manuel Lopez	1975-04-06	1	forward
10	Carlos Lopez	1979-09-05	1	forward
11	Sergio Lopez	1982-06-08	1	midfield
12	Jose Lopez	1975-01-20	1	midfield
13	Victor Lopez	1980-03-12	1	midfield
14	Tomas Lopez	1980-05-06	1	midfield
15	Diego Zanetti	1982-03-13	1	midfield
16	Manuel Zanetti	1983-05-13	1	midfield
17	Carlos Zanetti	1976-05-07	1	midfield
18	Sergio Zanetti	1976-12-04	1	midfield
19	Jose Zanetti	1984-01-11	1	midfield
20	Victor Zanetti	1975-06-03	1	midfield
21	Tomas Zanetti	1977-03-16	1	midfield
22	Diego Ortega	1980-03-17	1	midfield
23	Manuel Ortega	1976-09-23	1	defender
24	Carlos Ortega	1981-04-05	1	defender
25	Sergio Ortega	1983-12-12	1	defender
26	Jose Ortega	1977-10-22	1	defender
27	Victor Ortega	1982-11-04	1	defender
28	Tomas Ortega	1985-01-04	1	defender
29	Diego Perez	1975-11-05	1	defender
30	Manuel Perez	1979-12-19	1	defender
31	Carlos Perez	1981-03-24	1	defender
32	Sergio Perez	1975-08-03	1	defender
33	Jose Perez	1982-11-24	1	goalkeeper
34	Victor Perez	1980-06-04	1	goalkeeper
35	Bruce Smith	1981-03-03	2	forward
36	Dave Smith	1975-06-25	2	forward
37	Jack Smith	1983-02-22	2	forward
38	Bill Smith	1984-02-24	2	forward
39	Harry Smith	1975-02-21	2	forward
40	Kevin Smith	1977-08-21	2	forward
41	Bruce Jones	1984-02-26	2	forward
42	Dave Jones	1982-03-16	2	forward
43	Jack Jones	1983-12-12	2	forward
44	Bill Jones	1981-05-24	2	forward
45	Harry Jones	1982-01-02	2	midfield
46	Kevin Jones	1983-01-15	2	midfield
47	Bruce Brown	1982-11-19	2	midfield
48	Dave Brown	1980-10-21	2	midfield
49	Jack Brown	1978-10-25	2	midfield
50	Bill Brown	1975-12-14	2	midfield
51	Harry Brown	1983-10-18	2	midfield
52	Kevin Brown	1982-06-24	2	midfield
53	Bruce White	1977-04-22	2	midfield
54	Dave White	1982-11-05	2	midfield
55	Jack White	1980-07-06	2	midfield
56	Bill White	1980-05-08	2	midfield
57	Harry White	1975-01-04	2	defender
58	Kevin White	1982-07-25	2	defender
59	Bruce Kewell	1979-11-18	2	defender
60	Dave Kewell	1978-11-17	2	defender
61	Jack Kewell	1983-09-12	2	defender
62	Bill Kewell	1979-05-26	2	defender
63	Harry Kewell	1977-08-05	2	defender
64	Kevin Kewell	1975-03-02	2	defender
65	Bruce Muscat	1977-09-17	2	defender
66	Dave Muscat	1979-04-28	2	defender
67	Jack Muscat	1982-04-02	2	goalkeeper
68	Bill Muscat	1983-01-17	2	goalkeeper
69	Ronaldo Carlos	1981-06-13	3	forward
70	Paulo Carlos	1977-09-10	3	forward
71	Pedro Carlos	1984-07-01	3	forward
72	Rafael Carlos	1977-11-11	3	forward
73	Marcello Carlos	1976-02-28	3	forward
74	Alexandre Carlos	1978-02-06	3	forward
75	Ronaldo Paulista	1979-05-27	3	forward
76	Paulo Paulista	1985-09-06	3	forward
77	Pedro Paulista	1985-05-15	3	forward
78	Rafael Paulista	1975-02-15	3	forward
79	Marcello Paulista	1981-09-27	3	midfield
80	Alexandre Paulista	1975-12-19	3	midfield
81	Ronaldo Ceni	1979-10-05	3	midfield
82	Paulo Ceni	1979-01-02	3	midfield
83	Pedro Ceni	1983-03-07	3	midfield
84	Rafael Ceni	1983-07-11	3	midfield
85	Marcello Ceni	1985-11-21	3	midfield
86	Alexandre Ceni	1985-11-13	3	midfield
87	Ronaldo Cafu	1976-10-24	3	midfield
88	Paulo Cafu	1981-10-27	3	midfield
89	Pedro Cafu	1976-06-19	3	midfield
90	Rafael Cafu	1975-06-18	3	midfield
91	Marcello Cafu	1983-11-13	3	defender
92	Alexandre Cafu	1984-04-14	3	defender
93	Ronaldo Santos	1985-02-20	3	defender
94	Paulo Santos	1977-11-07	3	defender
95	Pedro Santos	1981-11-04	3	defender
96	Rafael Santos	1978-10-01	3	defender
97	Marcello Santos	1983-11-24	3	defender
98	Alexandre Santos	1981-07-19	3	defender
99	Ronaldo Gomes	1980-09-03	3	defender
100	Paulo Gomes	1977-09-16	3	defender
101	Pedro Gomes	1984-06-12	3	goalkeeper
102	Rafael Gomes	1978-05-20	3	goalkeeper
103	Wei Wang	1983-05-23	4	forward
104	Yi Wang	1980-07-20	4	forward
105	Lei Wang	1982-02-16	4	forward
106	Yu Wang	1984-06-10	4	forward
107	Jun Wang	1984-03-07	4	forward
108	Fan Wang	1982-10-22	4	forward
109	Hao Wang	1978-05-13	4	forward
110	Gao Wang	1979-07-06	4	forward
111	Wei Li	1985-05-20	4	forward
112	Yi Li	1979-09-03	4	forward
113	Lei Li	1976-06-13	4	midfield
114	Yu Li	1985-12-01	4	midfield
115	Jun Li	1981-08-05	4	midfield
116	Fan Li	1976-07-18	4	midfield
117	Hao Li	1980-05-24	4	midfield
118	Gao Li	1983-02-19	4	midfield
119	Wei Zhang	1980-06-01	4	midfield
120	Yi Zhang	1985-11-17	4	midfield
121	Lei Zhang	1976-11-01	4	midfield
122	Yu Zhang	1984-04-20	4	midfield
123	Jun Zhang	1985-06-05	4	midfield
124	Fan Zhang	1979-05-04	4	midfield
125	Hao Zhang	1979-12-22	4	defender
126	Gao Zhang	1981-02-09	4	defender
127	Wei Chen	1976-09-20	4	defender
128	Yi Chen	1985-06-22	4	defender
129	Lei Chen	1982-12-07	4	defender
130	Yu Chen	1982-12-03	4	defender
131	Jun Chen	1978-02-28	4	defender
132	Fan Chen	1978-12-08	4	defender
133	Hao Chen	1975-11-20	4	defender
134	Gao Chen	1977-03-02	4	defender
135	Wei Liu	1978-08-02	4	goalkeeper
136	Yi Liu	1975-03-06	4	goalkeeper
137	David Smith	1979-05-25	5	forward
138	Harry Smith	1975-05-09	5	forward
139	Les Smith	1984-12-07	5	forward
140	Peter Smith	1975-09-05	5	forward
141	Mark Smith	1977-12-08	5	forward
142	Andrew Smith	1976-04-06	5	forward
143	Simon Smith	1979-04-03	5	forward
144	Robert Smith	1976-06-09	5	forward
145	David Wilson	1977-10-27	5	forward
146	Harry Wilson	1977-11-04	5	forward
147	Les Wilson	1979-04-14	5	midfield
148	Peter Wilson	1978-05-23	5	midfield
149	Mark Wilson	1981-03-23	5	midfield
150	Andrew Wilson	1984-04-14	5	midfield
151	Simon Wilson	1975-06-13	5	midfield
152	Robert Wilson	1978-08-20	5	midfield
153	David Brown	1980-02-28	5	midfield
154	Harry Brown	1981-03-13	5	midfield
155	Les Brown	1984-06-06	5	midfield
156	Peter Brown	1984-09-03	5	midfield
157	Mark Brown	1985-02-10	5	midfield
158	Andrew Brown	1979-05-19	5	midfield
159	Simon Brown	1977-12-25	5	defender
160	Robert Brown	1975-10-05	5	defender
161	David Jones	1980-11-18	5	defender
162	Harry Jones	1985-02-08	5	defender
163	Les Jones	1982-08-11	5	defender
164	Peter Jones	1982-03-17	5	defender
165	Mark Jones	1976-01-01	5	defender
166	Andrew Jones	1978-11-20	5	defender
167	Simon Jones	1979-11-23	5	defender
168	Robert Jones	1982-04-06	5	defender
169	David Evans	1979-07-06	5	goalkeeper
170	Harry Evans	1977-08-01	5	goalkeeper
171	Thomas Simon	1979-02-25	6	forward
172	Guillayme Simon	1975-02-28	6	forward
173	Nicolas Simon	1978-10-17	6	forward
174	Julien Simon	1982-06-22	6	forward
175	Pierre Simon	1978-07-24	6	forward
176	Fabien Simon	1978-11-21	6	forward
177	Thomas Zaine	1985-03-17	6	forward
178	Guillayme Zaine	1983-12-26	6	forward
179	Nicolas Zaine	1975-04-14	6	forward
180	Julien Zaine	1977-08-03	6	forward
181	Pierre Zaine	1977-01-07	6	midfield
182	Fabien Zaine	1976-01-11	6	midfield
183	Thomas Desmet	1976-05-05	6	midfield
184	Guillayme Desmet	1982-01-18	6	midfield
185	Nicolas Desmet	1980-05-05	6	midfield
186	Julien Desmet	1978-08-01	6	midfield
187	Pierre Desmet	1975-08-08	6	midfield
188	Fabien Desmet	1981-06-06	6	midfield
189	Thomas Bernard	1980-06-15	6	midfield
190	Guillayme Bernard	1985-09-04	6	midfield
191	Nicolas Bernard	1975-12-04	6	midfield
192	Julien Bernard	1978-01-05	6	midfield
193	Pierre Bernard	1982-03-16	6	defender
194	Fabien Bernard	1984-11-18	6	defender
195	Thomas Wiseur	1980-05-28	6	defender
196	Guillayme Wiseur	1981-09-18	6	defender
197	Nicolas Wiseur	1982-09-08	6	defender
198	Julien Wiseur	1984-05-21	6	defender
199	Pierre Wiseur	1975-11-06	6	defender
200	Fabien Wiseur	1981-11-26	6	defender
201	Thomas Michaud	1982-12-24	6	defender
202	Guillayme Michaud	1984-04-27	6	defender
203	Nicolas Michaud	1975-12-04	6	goalkeeper
204	Julien Michaud	1981-10-02	6	goalkeeper
205	Dieter Linke	1977-04-13	7	forward
206	Klaus Linke	1976-11-05	7	forward
207	Hans Linke	1983-07-25	7	forward
208	Michael Linke	1975-05-07	7	forward
209	Tobias Linke	1983-06-03	7	forward
210	Christian Linke	1975-02-27	7	forward
211	Dieter Baumann	1985-11-25	7	forward
212	Klaus Baumann	1983-09-04	7	forward
213	Hans Baumann	1982-09-02	7	forward
214	Michael Baumann	1984-03-25	7	forward
215	Tobias Baumann	1984-06-04	7	midfield
216	Christian Baumann	1978-08-28	7	midfield
217	Dieter Rehmer	1980-06-15	7	midfield
218	Klaus Rehmer	1978-07-27	7	midfield
219	Hans Rehmer	1981-04-13	7	midfield
220	Michael Rehmer	1982-05-16	7	midfield
221	Tobias Rehmer	1981-04-11	7	midfield
222	Christian Rehmer	1980-01-02	7	midfield
223	Dieter Boehme	1982-09-21	7	midfield
224	Klaus Boehme	1982-07-28	7	midfield
225	Hans Boehme	1981-06-12	7	midfield
226	Michael Boehme	1982-10-01	7	midfield
227	Tobias Boehme	1982-03-13	7	defender
228	Christian Boehme	1977-08-28	7	defender
229	Dieter Schmidt	1976-03-09	7	defender
230	Klaus Schmidt	1981-11-19	7	defender
231	Hans Schmidt	1976-07-27	7	defender
232	Michael Schmidt	1980-01-28	7	defender
233	Tobias Schmidt	1980-08-21	7	defender
234	Christian Schmidt	1977-05-09	7	defender
235	Dieter Mueller	1977-12-21	7	defender
236	Klaus Mueller	1982-08-15	7	defender
237	Hans Mueller	1982-04-22	7	goalkeeper
238	Michael Mueller	1976-07-11	7	goalkeeper
239	Guiseppe Baggio	1976-09-16	8	forward
240	Giovanni Baggio	1979-04-12	8	forward
241	Roberto Baggio	1976-05-26	8	forward
242	Marco Baggio	1975-11-27	8	forward
243	Stefano Baggio	1975-05-17	8	forward
244	Paolo Baggio	1982-08-27	8	forward
245	Guiseppe Maldini	1975-11-26	8	forward
246	Giovanni Maldini	1983-07-16	8	forward
247	Roberto Maldini	1978-03-25	8	forward
248	Marco Maldini	1975-05-12	8	forward
249	Stefano Maldini	1979-06-03	8	midfield
250	Paolo Maldini	1985-12-10	8	midfield
251	Guiseppe Panucci	1979-01-21	8	midfield
252	Giovanni Panucci	1978-01-17	8	midfield
253	Roberto Panucci	1977-01-28	8	midfield
254	Marco Panucci	1984-10-18	8	midfield
255	Stefano Panucci	1983-10-15	8	midfield
256	Paolo Panucci	1982-07-02	8	midfield
257	Guiseppe Montella	1977-10-09	8	midfield
258	Giovanni Montella	1976-11-19	8	midfield
259	Roberto Montella	1981-04-04	8	midfield
260	Marco Montella	1982-04-02	8	midfield
261	Stefano Montella	1975-08-03	8	defender
262	Paolo Montella	1983-12-04	8	defender
263	Guiseppe Valentini	1978-03-05	8	defender
264	Giovanni Valentini	1978-01-26	8	defender
265	Roberto Valentini	1985-11-20	8	defender
266	Marco Valentini	1980-07-07	8	defender
267	Stefano Valentini	1980-10-02	8	defender
268	Paolo Valentini	1984-12-27	8	defender
269	Guiseppe Ferrari	1980-06-07	8	defender
270	Giovanni Ferrari	1981-02-15	8	defender
271	Roberto Ferrari	1982-02-05	8	goalkeeper
272	Marco Ferrari	1983-11-04	8	goalkeeper
273	Nader Jahanfad	1984-03-10	9	forward
274	Kaveh Jahanfad	1975-06-11	9	forward
275	Ali Jahanfad	1985-05-07	9	forward
276	Hosseini Jahanfad	1982-11-22	9	forward
277	Amir Jahanfad	1984-06-16	9	forward
278	Saeed Jahanfad	1985-03-14	9	forward
279	Babak Jahanfad	1984-09-28	9	forward
280	Nader Mahjoob	1976-05-03	9	forward
281	Kaveh Mahjoob	1981-01-07	9	forward
282	Ali Mahjoob	1983-10-03	9	forward
283	Hosseini Mahjoob	1984-08-08	9	midfield
284	Amir Mahjoob	1977-08-21	9	midfield
285	Saeed Mahjoob	1981-08-05	9	midfield
286	Babak Mahjoob	1984-03-01	9	midfield
287	Nader Karimi	1981-02-13	9	midfield
288	Kaveh Karimi	1976-01-20	9	midfield
289	Ali Karimi	1982-11-12	9	midfield
290	Hosseini Karimi	1981-01-22	9	midfield
291	Amir Karimi	1982-08-23	9	midfield
292	Saeed Karimi	1985-06-16	9	midfield
293	Babak Karimi	1975-04-06	9	midfield
294	Nader Hashemian	1978-07-24	9	midfield
295	Kaveh Hashemian	1975-03-13	9	defender
296	Ali Hashemian	1976-01-19	9	defender
297	Hosseini Hashemian	1977-08-22	9	defender
298	Amir Hashemian	1982-10-23	9	defender
299	Saeed Hashemian	1978-05-21	9	defender
300	Babak Hashemian	1983-01-21	9	defender
301	Nader Sadeghi	1980-10-11	9	defender
302	Kaveh Sadeghi	1978-09-23	9	defender
303	Ali Sadeghi	1984-09-04	9	defender
304	Hosseini Sadeghi	1975-01-20	9	defender
305	Amir Sadeghi	1985-01-25	9	goalkeeper
306	Saeed Sadeghi	1978-03-26	9	goalkeeper
307	Harami Sakurai	1975-06-15	10	forward
308	Kiyoshi Sakurai	1983-02-08	10	forward
309	Yuki Sakurai	1981-06-20	10	forward
310	Akira Sakurai	1978-03-21	10	forward
311	Masanori Sakurai	1975-09-15	10	forward
312	Kenji Sakurai	1979-01-07	10	forward
313	Harami Sakurai	1977-12-27	10	forward
314	Kiyoshi Sakurai	1979-01-01	10	forward
315	Yuki Sakurai	1976-12-02	10	forward
316	Akira Sakurai	1975-04-09	10	forward
317	Masanori Sakurai	1984-04-21	10	midfield
318	Kenji Sakurai	1979-02-24	10	midfield
319	Harami Matsumura	1982-09-08	10	midfield
320	Kiyoshi Matsumura	1979-12-13	10	midfield
321	Yuki Matsumura	1976-01-06	10	midfield
322	Akira Matsumura	1982-06-07	10	midfield
323	Masanori Matsumura	1984-09-06	10	midfield
324	Kenji Matsumura	1984-02-06	10	midfield
325	Harami Inagaki	1984-04-04	10	midfield
326	Kiyoshi Inagaki	1984-04-12	10	midfield
327	Yuki Inagaki	1977-03-21	10	midfield
328	Akira Inagaki	1985-08-23	10	midfield
329	Masanori Inagaki	1983-04-14	10	defender
330	Kenji Inagaki	1975-09-14	10	defender
331	Harami Fujisawa	1980-11-15	10	defender
332	Kiyoshi Fujisawa	1982-07-28	10	defender
333	Yuki Fujisawa	1985-05-21	10	defender
334	Akira Fujisawa	1976-03-26	10	defender
335	Masanori Fujisawa	1978-01-05	10	defender
336	Kenji Fujisawa	1980-12-12	10	defender
337	Harami Sakurai	1984-03-17	10	defender
338	Kiyoshi Sakurai	1981-02-06	10	defender
339	Yuki Sakurai	1979-12-14	10	goalkeeper
340	Akira Sakurai	1984-12-06	10	goalkeeper
341	Woon-Jae Kim	1978-07-02	11	forward
342	Jung-Hwan Kim	1984-03-17	11	forward
343	Nam-il Kim	1984-03-28	11	forward
344	Ji-Sung Kim	1981-05-06	11	forward
345	Jae-Won Kim	1980-09-07	11	forward
346	Ji-Woong Kim	1982-03-06	11	forward
347	Woon-Jae Lee	1975-01-11	11	forward
348	Jung-Hwan Lee	1982-08-15	11	forward
349	Nam-il Lee	1984-01-14	11	forward
350	Ji-Sung Lee	1978-11-14	11	forward
351	Jae-Won Lee	1980-03-28	11	midfield
352	Ji-Woong Lee	1981-02-07	11	midfield
353	Woon-Jae Park	1976-12-13	11	midfield
354	Jung-Hwan Park	1976-07-23	11	midfield
355	Nam-il Park	1978-01-15	11	midfield
356	Ji-Sung Park	1981-09-20	11	midfield
357	Jae-Won Park	1983-10-21	11	midfield
358	Ji-Woong Park	1977-06-11	11	midfield
359	Woon-Jae Choi	1982-04-11	11	midfield
360	Jung-Hwan Choi	1977-08-08	11	midfield
361	Nam-il Choi	1982-02-15	11	midfield
362	Ji-Sung Choi	1982-09-18	11	midfield
363	Jae-Won Choi	1984-11-17	11	defender
364	Ji-Woong Choi	1978-01-04	11	defender
365	Woon-Jae Kang	1976-05-06	11	defender
366	Jung-Hwan Kang	1981-12-26	11	defender
367	Nam-il Kang	1978-10-20	11	defender
368	Ji-Sung Kang	1975-12-04	11	defender
369	Jae-Won Kang	1979-09-12	11	defender
370	Ji-Woong Kang	1983-11-01	11	defender
371	Woon-Jae Kim	1975-07-04	11	defender
372	Jung-Hwan Kim	1981-03-24	11	defender
373	Nam-il Kim	1977-01-21	11	goalkeeper
374	Ji-Sung Kim	1983-05-23	11	goalkeeper
375	Stefan Jansen	1984-06-05	12	forward
376	Sebastien Jansen	1975-02-05	12	forward
377	Peter Jansen	1985-06-27	12	forward
378	Johannes Jansen	1982-06-27	12	forward
379	Hendrik Jansen	1983-11-18	12	forward
380	Willem Jansen	1977-08-15	12	forward
381	Stefan Pulle	1977-09-03	12	forward
382	Sebastien Pulle	1978-04-08	12	forward
383	Peter Pulle	1977-06-10	12	forward
384	Johannes Pulle	1985-03-20	12	forward
385	Hendrik Pulle	1982-02-06	12	midfield
386	Willem Pulle	1984-03-09	12	midfield
387	Stefan Kalkman	1975-03-21	12	midfield
388	Sebastien Kalkman	1975-11-06	12	midfield
389	Peter Kalkman	1985-09-02	12	midfield
390	Johannes Kalkman	1981-11-20	12	midfield
391	Hendrik Kalkman	1976-02-11	12	midfield
392	Willem Kalkman	1977-06-19	12	midfield
393	Stefan van der Zwan	1980-08-04	12	midfield
394	Sebastien van der Zwan	1983-08-10	12	midfield
395	Peter van der Zwan	1980-04-14	12	midfield
396	Johannes van der Zwan	1982-03-20	12	midfield
397	Hendrik van der Zwan	1975-04-26	12	defender
398	Willem van der Zwan	1983-04-23	12	defender
399	Stefan Zwaanveld	1985-04-14	12	defender
400	Sebastien Zwaanveld	1975-11-11	12	defender
401	Peter Zwaanveld	1982-12-14	12	defender
402	Johannes Zwaanveld	1976-02-27	12	defender
403	Hendrik Zwaanveld	1983-08-17	12	defender
404	Willem Zwaanveld	1984-05-06	12	defender
405	Stefan Jansen	1977-11-15	12	defender
406	Sebastien Jansen	1982-07-21	12	defender
407	Peter Jansen	1979-07-02	12	goalkeeper
408	Johannes Jansen	1978-04-11	12	goalkeeper
409	Carlos Garcia	1976-04-18	13	forward
410	Pedro Garcia	1981-04-14	13	forward
411	Manuel Garcia	1985-01-13	13	forward
412	Ramon Garcia	1979-02-17	13	forward
413	Luis Garcia	1978-11-06	13	forward
414	Joaquin Garcia	1985-10-17	13	forward
415	Carlos Hierro	1976-12-14	13	forward
416	Pedro Hierro	1981-09-02	13	forward
417	Manuel Hierro	1979-01-18	13	forward
418	Ramon Hierro	1979-05-27	13	forward
419	Luis Hierro	1983-06-06	13	midfield
420	Joaquin Hierro	1979-01-14	13	midfield
421	Carlos Mendieta	1984-12-14	13	midfield
422	Pedro Mendieta	1978-05-18	13	midfield
423	Manuel Mendieta	1985-09-15	13	midfield
424	Ramon Mendieta	1976-08-08	13	midfield
425	Luis Mendieta	1983-09-08	13	midfield
426	Joaquin Mendieta	1977-05-27	13	midfield
427	Carlos Enrique	1978-10-01	13	midfield
428	Pedro Enrique	1984-03-12	13	midfield
429	Manuel Enrique	1984-12-25	13	midfield
430	Ramon Enrique	1975-05-27	13	midfield
431	Luis Enrique	1980-03-26	13	defender
432	Joaquin Enrique	1975-07-09	13	defender
433	Carlos Navarro	1981-06-01	13	defender
434	Pedro Navarro	1976-08-18	13	defender
435	Manuel Navarro	1979-05-11	13	defender
436	Ramon Navarro	1982-08-21	13	defender
437	Luis Navarro	1981-11-15	13	defender
438	Joaquin Navarro	1981-10-19	13	defender
439	Carlos Suarez	1975-08-18	13	defender
440	Pedro Suarez	1985-08-01	13	defender
441	Manuel Suarez	1984-02-08	13	goalkeeper
442	Ramon Suarez	1983-02-24	13	goalkeeper
443	Johansson Johan	1975-09-09	14	forward
444	Andersson Johan	1975-11-27	14	forward
445	Nilsson Johan	1982-04-09	14	forward
446	Larsson Johan	1975-12-26	14	forward
447	Karlsson Johan	1984-08-22	14	forward
448	Johansson Andreas	1978-03-16	14	forward
449	Andersson Andreas	1975-03-04	14	forward
450	Nilsson Andreas	1982-03-21	14	forward
451	Larsson Andreas	1982-01-24	14	forward
452	Karlsson Andreas	1984-10-28	14	forward
453	Johansson Mikael	1982-11-21	14	midfield
454	Andersson Mikael	1975-12-17	14	midfield
455	Nilsson Mikael	1985-09-26	14	midfield
456	Larsson Mikael	1978-10-25	14	midfield
457	Karlsson Mikael	1977-08-14	14	midfield
458	Johansson Jonas	1975-12-20	14	midfield
459	Andersson Jonas	1981-12-27	14	midfield
460	Nilsson Jonas	1982-07-03	14	midfield
461	Larsson Jonas	1979-03-04	14	midfield
462	Karlsson Jonas	1977-02-27	14	midfield
463	Johansson Henrik	1977-11-24	14	midfield
464	Andersson Henrik	1985-11-23	14	midfield
465	Nilsson Henrik	1981-11-14	14	defender
466	Larsson Henrik	1980-03-07	14	defender
467	Karlsson Henrik	1978-06-24	14	defender
468	Johansson Peter	1984-06-21	14	defender
469	Andersson Peter	1980-12-19	14	defender
470	Nilsson Peter	1979-09-07	14	defender
471	Larsson Peter	1980-02-14	14	defender
472	Karlsson Peter	1982-05-17	14	defender
473	Johansson Johan	1981-08-13	14	defender
474	Andersson Johan	1979-07-09	14	defender
475	Nilsson Johan	1977-02-06	14	goalkeeper
476	Larsson Johan	1982-07-12	14	goalkeeper
477	Raul Rodriguez	1985-12-24	15	forward
478	Paul Rodriguez	1983-09-08	15	forward
479	Nicolas Rodriguez	1980-04-08	15	forward
480	Luis Rodriguez	1977-09-27	15	forward
481	Jorge Rodriguez	1979-03-01	15	forward
482	Martin Rodriguez	1984-11-11	15	forward
483	Raul Portas	1980-07-28	15	forward
484	Paul Portas	1985-12-15	15	forward
485	Nicolas Portas	1977-03-18	15	forward
486	Luis Portas	1980-11-06	15	forward
487	Jorge Portas	1984-10-04	15	midfield
488	Martin Portas	1982-07-25	15	midfield
489	Raul Olmos	1985-01-04	15	midfield
490	Paul Olmos	1977-04-24	15	midfield
491	Nicolas Olmos	1976-09-03	15	midfield
492	Luis Olmos	1976-08-28	15	midfield
493	Jorge Olmos	1981-02-14	15	midfield
494	Martin Olmos	1980-01-13	15	midfield
495	Raul Lopez	1975-04-17	15	midfield
496	Paul Lopez	1982-10-14	15	midfield
497	Nicolas Lopez	1984-08-08	15	midfield
498	Luis Lopez	1975-04-24	15	midfield
499	Jorge Lopez	1984-04-26	15	defender
500	Martin Lopez	1975-07-06	15	defender
501	Raul Morales	1984-08-25	15	defender
502	Paul Morales	1985-10-15	15	defender
503	Nicolas Morales	1985-05-18	15	defender
504	Luis Morales	1979-11-19	15	defender
505	Jorge Morales	1984-12-27	15	defender
506	Martin Morales	1980-08-21	15	defender
507	Raul Rodriguez	1985-06-10	15	defender
508	Paul Rodriguez	1977-06-19	15	defender
509	Nicolas Rodriguez	1975-05-27	15	goalkeeper
510	Luis Rodriguez	1985-05-13	15	goalkeeper
\.


--
-- Data for Name: teams; Type: TABLE DATA; Schema: public; Owner: -
--

COPY public.teams (id, country) FROM stdin;
1	Argentina
2	Australia
3	Brazil
4	China
5	England
6	France
7	Germany
8	Italy
9	Iran
10	Japan
11	Korea
12	Netherlands
13	Spain
14	Sweden
15	Uruguay
\.


--
-- Name: cards cards_pkey; Type: CONSTRAINT; Schema: public; Owner: -
--

ALTER TABLE ONLY public.cards
    ADD CONSTRAINT cards_pkey PRIMARY KEY (id);


--
-- Name: goals goals_pkey; Type: CONSTRAINT; Schema: public; Owner: -
--

ALTER TABLE ONLY public.goals
    ADD CONSTRAINT goals_pkey PRIMARY KEY (id);


--
-- Name: involves involves_pkey; Type: CONSTRAINT; Schema: public; Owner: -
--

ALTER TABLE ONLY public.involves
    ADD CONSTRAINT involves_pkey PRIMARY KEY (match, team);


--
-- Name: matches matches_pkey; Type: CONSTRAINT; Schema: public; Owner: -
--

ALTER TABLE ONLY public.matches
    ADD CONSTRAINT matches_pkey PRIMARY KEY (id);


--
-- Name: players players_pkey; Type: CONSTRAINT; Schema: public; Owner: -
--

ALTER TABLE ONLY public.players
    ADD CONSTRAINT players_pkey PRIMARY KEY (id);


--
-- Name: teams teams_pkey; Type: CONSTRAINT; Schema: public; Owner: -
--

ALTER TABLE ONLY public.teams
    ADD CONSTRAINT teams_pkey PRIMARY KEY (id);


--
-- Name: cards cards_givenin_fkey; Type: FK CONSTRAINT; Schema: public; Owner: -
--

ALTER TABLE ONLY public.cards
    ADD CONSTRAINT cards_givenin_fkey FOREIGN KEY (givenin) REFERENCES public.matches(id);


--
-- Name: cards cards_givento_fkey; Type: FK CONSTRAINT; Schema: public; Owner: -
--

ALTER TABLE ONLY public.cards
    ADD CONSTRAINT cards_givento_fkey FOREIGN KEY (givento) REFERENCES public.players(id);


--
-- Name: goals goals_scoredby_fkey; Type: FK CONSTRAINT; Schema: public; Owner: -
--

ALTER TABLE ONLY public.goals
    ADD CONSTRAINT goals_scoredby_fkey FOREIGN KEY (scoredby) REFERENCES public.players(id);


--
-- Name: goals goals_scoredin_fkey; Type: FK CONSTRAINT; Schema: public; Owner: -
--

ALTER TABLE ONLY public.goals
    ADD CONSTRAINT goals_scoredin_fkey FOREIGN KEY (scoredin) REFERENCES public.matches(id);


--
-- Name: involves involves_match_fkey; Type: FK CONSTRAINT; Schema: public; Owner: -
--

ALTER TABLE ONLY public.involves
    ADD CONSTRAINT involves_match_fkey FOREIGN KEY (match) REFERENCES public.matches(id);


--
-- Name: involves involves_team_fkey; Type: FK CONSTRAINT; Schema: public; Owner: -
--

ALTER TABLE ONLY public.involves
    ADD CONSTRAINT involves_team_fkey FOREIGN KEY (team) REFERENCES public.teams(id);


--
-- Name: players players_memberof_fkey; Type: FK CONSTRAINT; Schema: public; Owner: -
--

ALTER TABLE ONLY public.players
    ADD CONSTRAINT players_memberof_fkey FOREIGN KEY (memberof) REFERENCES public.teams(id);


--
-- PostgreSQL database dump complete
--

